img_0_0.jpg,stop
img_1_0.jpg,stop
img_2_0.jpg,stop
img_3_0.jpg,stop
img_4_0.jpg,stop
img_5_0.jpg,stop
img_6_0.jpg,stop
img_7_0.jpg,stop
img_8_0.jpg,stop
img_9_0.jpg,stop
img_10_0.jpg,stop
img_11_0.jpg,stop
img_12_0.jpg,stop
img_13_0.jpg,stop
img_14_0.jpg,stop
img_15_0.jpg,stop
img_16_0.jpg,stop
img_17_0.jpg,stop
img_18_0.jpg,stop
img_19_0.jpg,stop
img_20_0.jpg,stop
img_21_0.jpg,stop
img_22_0.jpg,stop
img_23_0.jpg,stop
img_24_0.jpg,stop
img_26_0.jpg,stop
img_27_0.jpg,stop
img_28_0.jpg,stop
img_29_0.jpg,stop
img_30_0.jpg,stop
img_32_0.jpg,stop
img_34_0.jpg,stop
img_35_0.jpg,stop
img_37_0.jpg,stop
img_38_0.jpg,stop
img_40_0.jpg,stop
img_41_0.jpg,stop
img_43_0.jpg,stop
img_44_0.jpg,stop
img_45_0.jpg,stop
img_46_0.jpg,stop
img_48_0.jpg,stop
img_50_0.jpg,stop
img_51_0.jpg,stop
img_52_0.jpg,stop
img_54_0.jpg,stop
img_56_0.jpg,stop
img_57_0.jpg,stop
img_58_0.jpg,stop
img_59_0.jpg,stop
img_61_0.jpg,stop
img_63_0.jpg,stop
img_64_0.jpg,stop
img_65_0.jpg,stop
img_66_0.jpg,stop
img_67_0.jpg,stop
img_68_0.jpg,stop
img_69_0.jpg,stop
img_70_0.jpg,stop
img_71_0.jpg,stop
img_72_0.jpg,stop
img_73_0.jpg,stop
img_74_0.jpg,stop
img_75_0.jpg,stop
img_76_0.jpg,stop
img_77_0.jpg,stop
img_78_0.jpg,stop
img_79_0.jpg,stop
img_80_0.jpg,stop
img_81_0.jpg,stop
img_82_0.jpg,stop
img_83_0.jpg,stop
img_84_0.jpg,stop
img_85_0.jpg,stop
img_86_0.jpg,stop
img_87_0.jpg,stop
img_88_0.jpg,stop
img_89_0.jpg,stop
img_90_0.jpg,stop
img_91_0.jpg,stop
img_92_0.jpg,stop
img_93_0.jpg,stop
img_94_0.jpg,stop
img_95_0.jpg,stop
img_96_0.jpg,stop
img_97_0.jpg,stop
img_98_0.jpg,stop
img_99_0.jpg,stop
img_100_0.jpg,stop
